filename,300w,400w,500w,600w,1000w
thanksgiving-parade-balloons.jpg,https://storage.googleapis.com/imagesg/cms-festival/thanksgiving/imagesd/300w/thanksgiving-parade-balloons.jpg,https://storage.googleapis.com/imagesg/cms-festival/thanksgiving/imagesd/400w/thanksgiving-parade-balloons.jpg,https://storage.googleapis.com/imagesg/cms-festival/thanksgiving/imagesd/500w/thanksgiving-parade-balloons.jpg,https://storage.googleapis.com/imagesg/cms-festival/thanksgiving/imagesd/600w/thanksgiving-parade-balloons.jpg,https://storage.googleapis.com/imagesg/cms-festival/thanksgiving/imagesd/1000w/thanksgiving-parade-balloons.jpg
roast-turkey-centerpiece-on-table.jpg,https://storage.googleapis.com/imagesg/cms-festival/thanksgiving/imagesd/300w/roast-turkey-centerpiece-on-table.jpg,https://storage.googleapis.com/imagesg/cms-festival/thanksgiving/imagesd/400w/roast-turkey-centerpiece-on-table.jpg,https://storage.googleapis.com/imagesg/cms-festival/thanksgiving/imagesd/500w/roast-turkey-centerpiece-on-table.jpg,https://storage.googleapis.com/imagesg/cms-festival/thanksgiving/imagesd/600w/roast-turkey-centerpiece-on-table.jpg,https://storage.googleapis.com/imagesg/cms-festival/thanksgiving/imagesd/1000w/roast-turkey-centerpiece-on-table.jpg
friendsgiving-celebration-with-food.jpg,https://storage.googleapis.com/imagesg/cms-festival/thanksgiving/imagesd/300w/friendsgiving-celebration-with-food.jpg,https://storage.googleapis.com/imagesg/cms-festival/thanksgiving/imagesd/400w/friendsgiving-celebration-with-food.jpg,https://storage.googleapis.com/imagesg/cms-festival/thanksgiving/imagesd/500w/friendsgiving-celebration-with-food.jpg,https://storage.googleapis.com/imagesg/cms-festival/thanksgiving/imagesd/600w/friendsgiving-celebration-with-food.jpg,https://storage.googleapis.com/imagesg/cms-festival/thanksgiving/imagesd/1000w/friendsgiving-celebration-with-food.jpg
thanksgiving-gratitude-journal-page.jpg,https://storage.googleapis.com/imagesg/cms-festival/thanksgiving/imagesd/300w/thanksgiving-gratitude-journal-page.jpg,https://storage.googleapis.com/imagesg/cms-festival/thanksgiving/imagesd/400w/thanksgiving-gratitude-journal-page.jpg,https://storage.googleapis.com/imagesg/cms-festival/thanksgiving/imagesd/500w/thanksgiving-gratitude-journal-page.jpg,https://storage.googleapis.com/imagesg/cms-festival/thanksgiving/imagesd/600w/thanksgiving-gratitude-journal-page.jpg,https://storage.googleapis.com/imagesg/cms-festival/thanksgiving/imagesd/1000w/thanksgiving-gratitude-journal-page.jpg
pumpkin-pie-with-whipped-cream.jpg,https://storage.googleapis.com/imagesg/cms-festival/thanksgiving/imagesd/300w/pumpkin-pie-with-whipped-cream.jpg,https://storage.googleapis.com/imagesg/cms-festival/thanksgiving/imagesd/400w/pumpkin-pie-with-whipped-cream.jpg,https://storage.googleapis.com/imagesg/cms-festival/thanksgiving/imagesd/500w/pumpkin-pie-with-whipped-cream.jpg,https://storage.googleapis.com/imagesg/cms-festival/thanksgiving/imagesd/600w/pumpkin-pie-with-whipped-cream.jpg,https://storage.googleapis.com/imagesg/cms-festival/thanksgiving/imagesd/1000w/pumpkin-pie-with-whipped-cream.jpg
autumn-leaves-table-decor.jpg,https://storage.googleapis.com/imagesg/cms-festival/thanksgiving/imagesd/300w/autumn-leaves-table-decor.jpg,https://storage.googleapis.com/imagesg/cms-festival/thanksgiving/imagesd/400w/autumn-leaves-table-decor.jpg,https://storage.googleapis.com/imagesg/cms-festival/thanksgiving/imagesd/500w/autumn-leaves-table-decor.jpg,https://storage.googleapis.com/imagesg/cms-festival/thanksgiving/imagesd/600w/autumn-leaves-table-decor.jpg,https://storage.googleapis.com/imagesg/cms-festival/thanksgiving/imagesd/1000w/autumn-leaves-table-decor.jpg
kids-writing-what-theyre-thankful-for.jpg,https://storage.googleapis.com/imagesg/cms-festival/thanksgiving/imagesd/300w/kids-writing-what-theyre-thankful-for.jpg,https://storage.googleapis.com/imagesg/cms-festival/thanksgiving/imagesd/400w/kids-writing-what-theyre-thankful-for.jpg,https://storage.googleapis.com/imagesg/cms-festival/thanksgiving/imagesd/500w/kids-writing-what-theyre-thankful-for.jpg,https://storage.googleapis.com/imagesg/cms-festival/thanksgiving/imagesd/600w/kids-writing-what-theyre-thankful-for.jpg,https://storage.googleapis.com/imagesg/cms-festival/thanksgiving/imagesd/1000w/kids-writing-what-theyre-thankful-for.jpg
thanksgiving-fireplace-with-autumn-decor.jpg,https://storage.googleapis.com/imagesg/cms-festival/thanksgiving/imagesd/300w/thanksgiving-fireplace-with-autumn-decor.jpg,https://storage.googleapis.com/imagesg/cms-festival/thanksgiving/imagesd/400w/thanksgiving-fireplace-with-autumn-decor.jpg,https://storage.googleapis.com/imagesg/cms-festival/thanksgiving/imagesd/500w/thanksgiving-fireplace-with-autumn-decor.jpg,https://storage.googleapis.com/imagesg/cms-festival/thanksgiving/imagesd/600w/thanksgiving-fireplace-with-autumn-decor.jpg,https://storage.googleapis.com/imagesg/cms-festival/thanksgiving/imagesd/1000w/thanksgiving-fireplace-with-autumn-decor.jpg
golden-brown-dinner-rolls.jpg,https://storage.googleapis.com/imagesg/cms-festival/thanksgiving/imagesd/300w/golden-brown-dinner-rolls.jpg,https://storage.googleapis.com/imagesg/cms-festival/thanksgiving/imagesd/400w/golden-brown-dinner-rolls.jpg,https://storage.googleapis.com/imagesg/cms-festival/thanksgiving/imagesd/500w/golden-brown-dinner-rolls.jpg,https://storage.googleapis.com/imagesg/cms-festival/thanksgiving/imagesd/600w/golden-brown-dinner-rolls.jpg,https://storage.googleapis.com/imagesg/cms-festival/thanksgiving/imagesd/1000w/golden-brown-dinner-rolls.jpg
pumpkin-and-gourd-centerpiece.jpg,https://storage.googleapis.com/imagesg/cms-festival/thanksgiving/imagesd/300w/pumpkin-and-gourd-centerpiece.jpg,https://storage.googleapis.com/imagesg/cms-festival/thanksgiving/imagesd/400w/pumpkin-and-gourd-centerpiece.jpg,https://storage.googleapis.com/imagesg/cms-festival/thanksgiving/imagesd/500w/pumpkin-and-gourd-centerpiece.jpg,https://storage.googleapis.com/imagesg/cms-festival/thanksgiving/imagesd/600w/pumpkin-and-gourd-centerpiece.jpg,https://storage.googleapis.com/imagesg/cms-festival/thanksgiving/imagesd/1000w/pumpkin-and-gourd-centerpiece.jpg
parents-teaching-kids-a-family-recipe.jpg,https://storage.googleapis.com/imagesg/cms-festival/thanksgiving/imagesd/300w/parents-teaching-kids-a-family-recipe.jpg,https://storage.googleapis.com/imagesg/cms-festival/thanksgiving/imagesd/400w/parents-teaching-kids-a-family-recipe.jpg,https://storage.googleapis.com/imagesg/cms-festival/thanksgiving/imagesd/500w/parents-teaching-kids-a-family-recipe.jpg,https://storage.googleapis.com/imagesg/cms-festival/thanksgiving/imagesd/600w/parents-teaching-kids-a-family-recipe.jpg,https://storage.googleapis.com/imagesg/cms-festival/thanksgiving/imagesd/1000w/parents-teaching-kids-a-family-recipe.jpg
thanksgiving-pies-on-cooling-rack.jpg,https://storage.googleapis.com/imagesg/cms-festival/thanksgiving/imagesd/300w/thanksgiving-pies-on-cooling-rack.jpg,https://storage.googleapis.com/imagesg/cms-festival/thanksgiving/imagesd/400w/thanksgiving-pies-on-cooling-rack.jpg,https://storage.googleapis.com/imagesg/cms-festival/thanksgiving/imagesd/500w/thanksgiving-pies-on-cooling-rack.jpg,https://storage.googleapis.com/imagesg/cms-festival/thanksgiving/imagesd/600w/thanksgiving-pies-on-cooling-rack.jpg,https://storage.googleapis.com/imagesg/cms-festival/thanksgiving/imagesd/1000w/thanksgiving-pies-on-cooling-rack.jpg
fall-harvest-produce-on-wooden-table.jpg,https://storage.googleapis.com/imagesg/cms-festival/thanksgiving/imagesd/300w/fall-harvest-produce-on-wooden-table.jpg,https://storage.googleapis.com/imagesg/cms-festival/thanksgiving/imagesd/400w/fall-harvest-produce-on-wooden-table.jpg,https://storage.googleapis.com/imagesg/cms-festival/thanksgiving/imagesd/500w/fall-harvest-produce-on-wooden-table.jpg,https://storage.googleapis.com/imagesg/cms-festival/thanksgiving/imagesd/600w/fall-harvest-produce-on-wooden-table.jpg,https://storage.googleapis.com/imagesg/cms-festival/thanksgiving/imagesd/1000w/fall-harvest-produce-on-wooden-table.jpg
football-game-on-tv-during-thanksgiving.jpg,https://storage.googleapis.com/imagesg/cms-festival/thanksgiving/imagesd/300w/football-game-on-tv-during-thanksgiving.jpg,https://storage.googleapis.com/imagesg/cms-festival/thanksgiving/imagesd/400w/football-game-on-tv-during-thanksgiving.jpg,https://storage.googleapis.com/imagesg/cms-festival/thanksgiving/imagesd/500w/football-game-on-tv-during-thanksgiving.jpg,https://storage.googleapis.com/imagesg/cms-festival/thanksgiving/imagesd/600w/football-game-on-tv-during-thanksgiving.jpg,https://storage.googleapis.com/imagesg/cms-festival/thanksgiving/imagesd/1000w/football-game-on-tv-during-thanksgiving.jpg
happy-thanksgiving-card-with-turkey-art.jpg,https://storage.googleapis.com/imagesg/cms-festival/thanksgiving/imagesd/300w/happy-thanksgiving-card-with-turkey-art.jpg,https://storage.googleapis.com/imagesg/cms-festival/thanksgiving/imagesd/400w/happy-thanksgiving-card-with-turkey-art.jpg,https://storage.googleapis.com/imagesg/cms-festival/thanksgiving/imagesd/500w/happy-thanksgiving-card-with-turkey-art.jpg,https://storage.googleapis.com/imagesg/cms-festival/thanksgiving/imagesd/600w/happy-thanksgiving-card-with-turkey-art.jpg,https://storage.googleapis.com/imagesg/cms-festival/thanksgiving/imagesd/1000w/happy-thanksgiving-card-with-turkey-art.jpg
serving-mashed-potatoes-and-gravy.jpg,https://storage.googleapis.com/imagesg/cms-festival/thanksgiving/imagesd/300w/serving-mashed-potatoes-and-gravy.jpg,https://storage.googleapis.com/imagesg/cms-festival/thanksgiving/imagesd/400w/serving-mashed-potatoes-and-gravy.jpg,https://storage.googleapis.com/imagesg/cms-festival/thanksgiving/imagesd/500w/serving-mashed-potatoes-and-gravy.jpg,https://storage.googleapis.com/imagesg/cms-festival/thanksgiving/imagesd/600w/serving-mashed-potatoes-and-gravy.jpg,https://storage.googleapis.com/imagesg/cms-festival/thanksgiving/imagesd/1000w/serving-mashed-potatoes-and-gravy.jpg
roasted-vegetables-with-herbs.jpg,https://storage.googleapis.com/imagesg/cms-festival/thanksgiving/imagesd/300w/roasted-vegetables-with-herbs.jpg,https://storage.googleapis.com/imagesg/cms-festival/thanksgiving/imagesd/400w/roasted-vegetables-with-herbs.jpg,https://storage.googleapis.com/imagesg/cms-festival/thanksgiving/imagesd/500w/roasted-vegetables-with-herbs.jpg,https://storage.googleapis.com/imagesg/cms-festival/thanksgiving/imagesd/600w/roasted-vegetables-with-herbs.jpg,https://storage.googleapis.com/imagesg/cms-festival/thanksgiving/imagesd/1000w/roasted-vegetables-with-herbs.jpg
thanksgiving-wine-and-toast.jpg,https://storage.googleapis.com/imagesg/cms-festival/thanksgiving/imagesd/300w/thanksgiving-wine-and-toast.jpg,https://storage.googleapis.com/imagesg/cms-festival/thanksgiving/imagesd/400w/thanksgiving-wine-and-toast.jpg,https://storage.googleapis.com/imagesg/cms-festival/thanksgiving/imagesd/500w/thanksgiving-wine-and-toast.jpg,https://storage.googleapis.com/imagesg/cms-festival/thanksgiving/imagesd/600w/thanksgiving-wine-and-toast.jpg,https://storage.googleapis.com/imagesg/cms-festival/thanksgiving/imagesd/1000w/thanksgiving-wine-and-toast.jpg
thanksgiving-leftovers-packed-in-containers.jpg,https://storage.googleapis.com/imagesg/cms-festival/thanksgiving/imagesd/300w/thanksgiving-leftovers-packed-in-containers.jpg,https://storage.googleapis.com/imagesg/cms-festival/thanksgiving/imagesd/400w/thanksgiving-leftovers-packed-in-containers.jpg,https://storage.googleapis.com/imagesg/cms-festival/thanksgiving/imagesd/500w/thanksgiving-leftovers-packed-in-containers.jpg,https://storage.googleapis.com/imagesg/cms-festival/thanksgiving/imagesd/600w/thanksgiving-leftovers-packed-in-containers.jpg,https://storage.googleapis.com/imagesg/cms-festival/thanksgiving/imagesd/1000w/thanksgiving-leftovers-packed-in-containers.jpg
children-helping-set-the-table.jpg,https://storage.googleapis.com/imagesg/cms-festival/thanksgiving/imagesd/300w/children-helping-set-the-table.jpg,https://storage.googleapis.com/imagesg/cms-festival/thanksgiving/imagesd/400w/children-helping-set-the-table.jpg,https://storage.googleapis.com/imagesg/cms-festival/thanksgiving/imagesd/500w/children-helping-set-the-table.jpg,https://storage.googleapis.com/imagesg/cms-festival/thanksgiving/imagesd/600w/children-helping-set-the-table.jpg,https://storage.googleapis.com/imagesg/cms-festival/thanksgiving/imagesd/1000w/children-helping-set-the-table.jpg
thanksgiving-dinner-served-buffet-style.jpg,https://storage.googleapis.com/imagesg/cms-festival/thanksgiving/imagesd/300w/thanksgiving-dinner-served-buffet-style.jpg,https://storage.googleapis.com/imagesg/cms-festival/thanksgiving/imagesd/400w/thanksgiving-dinner-served-buffet-style.jpg,https://storage.googleapis.com/imagesg/cms-festival/thanksgiving/imagesd/500w/thanksgiving-dinner-served-buffet-style.jpg,https://storage.googleapis.com/imagesg/cms-festival/thanksgiving/imagesd/600w/thanksgiving-dinner-served-buffet-style.jpg,https://storage.googleapis.com/imagesg/cms-festival/thanksgiving/imagesd/1000w/thanksgiving-dinner-served-buffet-style.jpg
rustic-thanksgiving-table-setting.jpg,https://storage.googleapis.com/imagesg/cms-festival/thanksgiving/imagesd/300w/rustic-thanksgiving-table-setting.jpg,https://storage.googleapis.com/imagesg/cms-festival/thanksgiving/imagesd/400w/rustic-thanksgiving-table-setting.jpg,https://storage.googleapis.com/imagesg/cms-festival/thanksgiving/imagesd/500w/rustic-thanksgiving-table-setting.jpg,https://storage.googleapis.com/imagesg/cms-festival/thanksgiving/imagesd/600w/rustic-thanksgiving-table-setting.jpg,https://storage.googleapis.com/imagesg/cms-festival/thanksgiving/imagesd/1000w/rustic-thanksgiving-table-setting.jpg
siblings-sharing-a-laugh-at-dinner.jpg,https://storage.googleapis.com/imagesg/cms-festival/thanksgiving/imagesd/300w/siblings-sharing-a-laugh-at-dinner.jpg,https://storage.googleapis.com/imagesg/cms-festival/thanksgiving/imagesd/400w/siblings-sharing-a-laugh-at-dinner.jpg,https://storage.googleapis.com/imagesg/cms-festival/thanksgiving/imagesd/500w/siblings-sharing-a-laugh-at-dinner.jpg,https://storage.googleapis.com/imagesg/cms-festival/thanksgiving/imagesd/600w/siblings-sharing-a-laugh-at-dinner.jpg,https://storage.googleapis.com/imagesg/cms-festival/thanksgiving/imagesd/1000w/siblings-sharing-a-laugh-at-dinner.jpg
family-photo-on-thanksgiving-day.jpg,https://storage.googleapis.com/imagesg/cms-festival/thanksgiving/imagesd/300w/family-photo-on-thanksgiving-day.jpg,https://storage.googleapis.com/imagesg/cms-festival/thanksgiving/imagesd/400w/family-photo-on-thanksgiving-day.jpg,https://storage.googleapis.com/imagesg/cms-festival/thanksgiving/imagesd/500w/family-photo-on-thanksgiving-day.jpg,https://storage.googleapis.com/imagesg/cms-festival/thanksgiving/imagesd/600w/family-photo-on-thanksgiving-day.jpg,https://storage.googleapis.com/imagesg/cms-festival/thanksgiving/imagesd/1000w/family-photo-on-thanksgiving-day.jpg
outdoor-thanksgiving-picnic.jpg,https://storage.googleapis.com/imagesg/cms-festival/thanksgiving/imagesd/300w/outdoor-thanksgiving-picnic.jpg,https://storage.googleapis.com/imagesg/cms-festival/thanksgiving/imagesd/400w/outdoor-thanksgiving-picnic.jpg,https://storage.googleapis.com/imagesg/cms-festival/thanksgiving/imagesd/500w/outdoor-thanksgiving-picnic.jpg,https://storage.googleapis.com/imagesg/cms-festival/thanksgiving/imagesd/600w/outdoor-thanksgiving-picnic.jpg,https://storage.googleapis.com/imagesg/cms-festival/thanksgiving/imagesd/1000w/outdoor-thanksgiving-picnic.jpg
thanksgiving-place-setting-with-name-cards.jpg,https://storage.googleapis.com/imagesg/cms-festival/thanksgiving/imagesd/300w/thanksgiving-place-setting-with-name-cards.jpg,https://storage.googleapis.com/imagesg/cms-festival/thanksgiving/imagesd/400w/thanksgiving-place-setting-with-name-cards.jpg,https://storage.googleapis.com/imagesg/cms-festival/thanksgiving/imagesd/500w/thanksgiving-place-setting-with-name-cards.jpg,https://storage.googleapis.com/imagesg/cms-festival/thanksgiving/imagesd/600w/thanksgiving-place-setting-with-name-cards.jpg,https://storage.googleapis.com/imagesg/cms-festival/thanksgiving/imagesd/1000w/thanksgiving-place-setting-with-name-cards.jpg
