number,slug,title,category,image
1,easter-pagan-roots-christian-tradition,Easter Origins: Spring Rites and Christian Tradition,"History, Folklore & Spiritual Origins",cross-on-hill-at-sunrise.jpg
2,easter-bunny-painted-eggs-history,The Easter Bunny and Painted Eggs: Folklore Explained,"History, Folklore & Spiritual Origins",decorated-easter-eggs-in-a-basket.jpg
3,holy-week-palm-sunday-good-friday-easter,Holy Week Explained: From Palm Sunday to Easter,"History, Folklore & Spiritual Origins",palm-sunday-celebration.jpg
4,faberge-easter-eggs-history,"Fabergé Easter Eggs: Imperial Art, Craft and History","History, Folklore & Spiritual Origins",pastel-colored-easter-eggs.jpg
5,paschal-lamb-easter-symbolism,Paschal Lamb Symbolism in Easter Tradition,"History, Folklore & Spiritual Origins",easter-lamb-cake.jpg
6,natural-easter-egg-dyes,Natural Easter Egg Dyeing with Kitchen Ingredients,"Crafts, Decor & DIY",kids-painting-easter-eggs.jpg
7,pysanky-easter-eggs-beginners-guide,Pysanky Easter Eggs: A Beginner’s Wax-Resist Guide,"Crafts, Decor & DIY",easter-egg-coloring-station.jpg
8,zero-waste-easter-baskets,Zero-Waste Easter Baskets: Practical Eco-Friendly Ideas,"Crafts, Decor & DIY",children-with-easter-baskets.jpg
9,budget-easter-spring-tablescape,Budget Easter Tablescapes with Spring Style,"Crafts, Decor & DIY",family-easter-brunch-table.jpg
10,backyard-easter-egg-hunt-guide,How to Plan a Fair and Fun Easter Egg Hunt,"Crafts, Decor & DIY",easter-egg-hunt-in-garden.jpg
11,hot-cross-buns-history-recipe-guide,"Hot Cross Buns: History, Tradition and Baking Guide",Culinary & Baking Trends,family-easter-brunch-table.jpg
12,easter-ham-vs-lamb,Easter Ham vs. Lamb: Choosing the Holiday Centerpiece,Culinary & Baking Trends,family-praying-before-easter-meal.jpg
13,global-easter-breads-colomba-babka-tsoureki,"Global Easter Breads: Colomba, Babka and Tsoureki",Culinary & Baking Trends,easter-cake-with-flowers.jpg
14,leftover-hard-boiled-easter-eggs,Leftover Easter Eggs: Beyond Deviled Eggs,Culinary & Baking Trends,decorated-easter-eggs-in-a-basket.jpg
15,plant-based-easter-brunch,A Plant-Based Easter Brunch Everyone Can Enjoy,Culinary & Baking Trends,bunny-shaped-pancakes.jpg
16,easter-traditions-around-world,Easter Traditions Around the World,"Family, Community & Modern Traditions",easter-parade-in-town-square.jpg
17,white-house-easter-egg-roll-history,White House Easter Egg Roll: History and Traditions,"Family, Community & Modern Traditions",egg-roll-competition-on-lawn.jpg
18,non-candy-easter-basket-ideas,Non-Candy Easter Basket Ideas for Kids,"Family, Community & Modern Traditions",easter-themed-chocolate-gift-basket.jpg
19,spring-renewal-mindful-easter,Spring Renewal: A Mindful Easter Reset,"Family, Community & Modern Traditions",easter-wreath-on-door.jpg
20,stress-free-easter-hosting,Stress-Free Easter Hosting: A Simple Timeline,"Family, Community & Modern Traditions",easter-garden-party-with-pastels.jpg
