filename,1000w,600w,500w,400w,300w
bat-silhouettes-flying-in-twilight.jpg,https://storage.googleapis.com/imagesg/cms-festival/halloween/imagesd/1000w/bat-silhouettes-flying-in-twilight.jpg,https://storage.googleapis.com/imagesg/cms-festival/halloween/imagesd/600w/bat-silhouettes-flying-in-twilight.jpg,https://storage.googleapis.com/imagesg/cms-festival/halloween/imagesd/500w/bat-silhouettes-flying-in-twilight.jpg,https://storage.googleapis.com/imagesg/cms-festival/halloween/imagesd/400w/bat-silhouettes-flying-in-twilight.jpg,https://storage.googleapis.com/imagesg/cms-festival/halloween/imagesd/300w/bat-silhouettes-flying-in-twilight.jpg
black-cat-with-glowing-eyes.jpg,https://storage.googleapis.com/imagesg/cms-festival/halloween/imagesd/1000w/black-cat-with-glowing-eyes.jpg,https://storage.googleapis.com/imagesg/cms-festival/halloween/imagesd/600w/black-cat-with-glowing-eyes.jpg,https://storage.googleapis.com/imagesg/cms-festival/halloween/imagesd/500w/black-cat-with-glowing-eyes.jpg,https://storage.googleapis.com/imagesg/cms-festival/halloween/imagesd/400w/black-cat-with-glowing-eyes.jpg,https://storage.googleapis.com/imagesg/cms-festival/halloween/imagesd/300w/black-cat-with-glowing-eyes.jpg
child-holding-lantern-on-halloween-night.jpg,https://storage.googleapis.com/imagesg/cms-festival/halloween/imagesd/1000w/child-holding-lantern-on-halloween-night.jpg,https://storage.googleapis.com/imagesg/cms-festival/halloween/imagesd/600w/child-holding-lantern-on-halloween-night.jpg,https://storage.googleapis.com/imagesg/cms-festival/halloween/imagesd/500w/child-holding-lantern-on-halloween-night.jpg,https://storage.googleapis.com/imagesg/cms-festival/halloween/imagesd/400w/child-holding-lantern-on-halloween-night.jpg,https://storage.googleapis.com/imagesg/cms-festival/halloween/imagesd/300w/child-holding-lantern-on-halloween-night.jpg
children-in-pumpkin-costumes.jpg,https://storage.googleapis.com/imagesg/cms-festival/halloween/imagesd/1000w/children-in-pumpkin-costumes.jpg,https://storage.googleapis.com/imagesg/cms-festival/halloween/imagesd/600w/children-in-pumpkin-costumes.jpg,https://storage.googleapis.com/imagesg/cms-festival/halloween/imagesd/500w/children-in-pumpkin-costumes.jpg,https://storage.googleapis.com/imagesg/cms-festival/halloween/imagesd/400w/children-in-pumpkin-costumes.jpg,https://storage.googleapis.com/imagesg/cms-festival/halloween/imagesd/300w/children-in-pumpkin-costumes.jpg
creepy-clown-decoration.jpg,https://storage.googleapis.com/imagesg/cms-festival/halloween/imagesd/1000w/creepy-clown-decoration.jpg,https://storage.googleapis.com/imagesg/cms-festival/halloween/imagesd/600w/creepy-clown-decoration.jpg,https://storage.googleapis.com/imagesg/cms-festival/halloween/imagesd/500w/creepy-clown-decoration.jpg,https://storage.googleapis.com/imagesg/cms-festival/halloween/imagesd/400w/creepy-clown-decoration.jpg,https://storage.googleapis.com/imagesg/cms-festival/halloween/imagesd/300w/creepy-clown-decoration.jpg
decorated-halloween-cookies.jpg,https://storage.googleapis.com/imagesg/cms-festival/halloween/imagesd/1000w/decorated-halloween-cookies.jpg,https://storage.googleapis.com/imagesg/cms-festival/halloween/imagesd/600w/decorated-halloween-cookies.jpg,https://storage.googleapis.com/imagesg/cms-festival/halloween/imagesd/500w/decorated-halloween-cookies.jpg,https://storage.googleapis.com/imagesg/cms-festival/halloween/imagesd/400w/decorated-halloween-cookies.jpg,https://storage.googleapis.com/imagesg/cms-festival/halloween/imagesd/300w/decorated-halloween-cookies.jpg
decorated-halloween-photo-booth.jpg,https://storage.googleapis.com/imagesg/cms-festival/halloween/imagesd/1000w/decorated-halloween-photo-booth.jpg,https://storage.googleapis.com/imagesg/cms-festival/halloween/imagesd/600w/decorated-halloween-photo-booth.jpg,https://storage.googleapis.com/imagesg/cms-festival/halloween/imagesd/500w/decorated-halloween-photo-booth.jpg,https://storage.googleapis.com/imagesg/cms-festival/halloween/imagesd/400w/decorated-halloween-photo-booth.jpg,https://storage.googleapis.com/imagesg/cms-festival/halloween/imagesd/300w/decorated-halloween-photo-booth.jpg
ghost-decorations-in-yard.jpg,https://storage.googleapis.com/imagesg/cms-festival/halloween/imagesd/1000w/ghost-decorations-in-yard.jpg,https://storage.googleapis.com/imagesg/cms-festival/halloween/imagesd/600w/ghost-decorations-in-yard.jpg,https://storage.googleapis.com/imagesg/cms-festival/halloween/imagesd/500w/ghost-decorations-in-yard.jpg,https://storage.googleapis.com/imagesg/cms-festival/halloween/imagesd/400w/ghost-decorations-in-yard.jpg,https://storage.googleapis.com/imagesg/cms-festival/halloween/imagesd/300w/ghost-decorations-in-yard.jpg
ghost-floating-in-front-yard.jpg,https://storage.googleapis.com/imagesg/cms-festival/halloween/imagesd/1000w/ghost-floating-in-front-yard.jpg,https://storage.googleapis.com/imagesg/cms-festival/halloween/imagesd/600w/ghost-floating-in-front-yard.jpg,https://storage.googleapis.com/imagesg/cms-festival/halloween/imagesd/500w/ghost-floating-in-front-yard.jpg,https://storage.googleapis.com/imagesg/cms-festival/halloween/imagesd/400w/ghost-floating-in-front-yard.jpg,https://storage.googleapis.com/imagesg/cms-festival/halloween/imagesd/300w/ghost-floating-in-front-yard.jpg
giant-spider-web-in-garden.jpg,https://storage.googleapis.com/imagesg/cms-festival/halloween/imagesd/1000w/giant-spider-web-in-garden.jpg,https://storage.googleapis.com/imagesg/cms-festival/halloween/imagesd/600w/giant-spider-web-in-garden.jpg,https://storage.googleapis.com/imagesg/cms-festival/halloween/imagesd/500w/giant-spider-web-in-garden.jpg,https://storage.googleapis.com/imagesg/cms-festival/halloween/imagesd/400w/giant-spider-web-in-garden.jpg,https://storage.googleapis.com/imagesg/cms-festival/halloween/imagesd/300w/giant-spider-web-in-garden.jpg
grinning-pumpkin-with-candlelight.jpg,https://storage.googleapis.com/imagesg/cms-festival/halloween/imagesd/1000w/grinning-pumpkin-with-candlelight.jpg,https://storage.googleapis.com/imagesg/cms-festival/halloween/imagesd/600w/grinning-pumpkin-with-candlelight.jpg,https://storage.googleapis.com/imagesg/cms-festival/halloween/imagesd/500w/grinning-pumpkin-with-candlelight.jpg,https://storage.googleapis.com/imagesg/cms-festival/halloween/imagesd/400w/grinning-pumpkin-with-candlelight.jpg,https://storage.googleapis.com/imagesg/cms-festival/halloween/imagesd/300w/grinning-pumpkin-with-candlelight.jpg
group-of-children-in-spooky-costumes.jpg,https://storage.googleapis.com/imagesg/cms-festival/halloween/imagesd/1000w/group-of-children-in-spooky-costumes.jpg,https://storage.googleapis.com/imagesg/cms-festival/halloween/imagesd/600w/group-of-children-in-spooky-costumes.jpg,https://storage.googleapis.com/imagesg/cms-festival/halloween/imagesd/500w/group-of-children-in-spooky-costumes.jpg,https://storage.googleapis.com/imagesg/cms-festival/halloween/imagesd/400w/group-of-children-in-spooky-costumes.jpg,https://storage.googleapis.com/imagesg/cms-festival/halloween/imagesd/300w/group-of-children-in-spooky-costumes.jpg
group-photo-at-halloween-party.jpg,https://storage.googleapis.com/imagesg/cms-festival/halloween/imagesd/1000w/group-photo-at-halloween-party.jpg,https://storage.googleapis.com/imagesg/cms-festival/halloween/imagesd/600w/group-photo-at-halloween-party.jpg,https://storage.googleapis.com/imagesg/cms-festival/halloween/imagesd/500w/group-photo-at-halloween-party.jpg,https://storage.googleapis.com/imagesg/cms-festival/halloween/imagesd/400w/group-photo-at-halloween-party.jpg,https://storage.googleapis.com/imagesg/cms-festival/halloween/imagesd/300w/group-photo-at-halloween-party.jpg
halloween-candy-display.jpg,https://storage.googleapis.com/imagesg/cms-festival/halloween/imagesd/1000w/halloween-candy-display.jpg,https://storage.googleapis.com/imagesg/cms-festival/halloween/imagesd/600w/halloween-candy-display.jpg,https://storage.googleapis.com/imagesg/cms-festival/halloween/imagesd/500w/halloween-candy-display.jpg,https://storage.googleapis.com/imagesg/cms-festival/halloween/imagesd/400w/halloween-candy-display.jpg,https://storage.googleapis.com/imagesg/cms-festival/halloween/imagesd/300w/halloween-candy-display.jpg
halloween-cupcakes-with-spider-toppers.jpg,https://storage.googleapis.com/imagesg/cms-festival/halloween/imagesd/1000w/halloween-cupcakes-with-spider-toppers.jpg,https://storage.googleapis.com/imagesg/cms-festival/halloween/imagesd/600w/halloween-cupcakes-with-spider-toppers.jpg,https://storage.googleapis.com/imagesg/cms-festival/halloween/imagesd/500w/halloween-cupcakes-with-spider-toppers.jpg,https://storage.googleapis.com/imagesg/cms-festival/halloween/imagesd/400w/halloween-cupcakes-with-spider-toppers.jpg,https://storage.googleapis.com/imagesg/cms-festival/halloween/imagesd/300w/halloween-cupcakes-with-spider-toppers.jpg
halloween-mask-collection.jpg,https://storage.googleapis.com/imagesg/cms-festival/halloween/imagesd/1000w/halloween-mask-collection.jpg,https://storage.googleapis.com/imagesg/cms-festival/halloween/imagesd/600w/halloween-mask-collection.jpg,https://storage.googleapis.com/imagesg/cms-festival/halloween/imagesd/500w/halloween-mask-collection.jpg,https://storage.googleapis.com/imagesg/cms-festival/halloween/imagesd/400w/halloween-mask-collection.jpg,https://storage.googleapis.com/imagesg/cms-festival/halloween/imagesd/300w/halloween-mask-collection.jpg
halloween-party-with-cobweb-decorations.jpg,https://storage.googleapis.com/imagesg/cms-festival/halloween/imagesd/1000w/halloween-party-with-cobweb-decorations.jpg,https://storage.googleapis.com/imagesg/cms-festival/halloween/imagesd/600w/halloween-party-with-cobweb-decorations.jpg,https://storage.googleapis.com/imagesg/cms-festival/halloween/imagesd/500w/halloween-party-with-cobweb-decorations.jpg,https://storage.googleapis.com/imagesg/cms-festival/halloween/imagesd/400w/halloween-party-with-cobweb-decorations.jpg,https://storage.googleapis.com/imagesg/cms-festival/halloween/imagesd/300w/halloween-party-with-cobweb-decorations.jpg
halloween-skeleton-dance.jpg,https://storage.googleapis.com/imagesg/cms-festival/halloween/imagesd/1000w/halloween-skeleton-dance.jpg,https://storage.googleapis.com/imagesg/cms-festival/halloween/imagesd/600w/halloween-skeleton-dance.jpg,https://storage.googleapis.com/imagesg/cms-festival/halloween/imagesd/500w/halloween-skeleton-dance.jpg,https://storage.googleapis.com/imagesg/cms-festival/halloween/imagesd/400w/halloween-skeleton-dance.jpg,https://storage.googleapis.com/imagesg/cms-festival/halloween/imagesd/300w/halloween-skeleton-dance.jpg
halloween-themed-cake-with-spider-webs.jpg,https://storage.googleapis.com/imagesg/cms-festival/halloween/imagesd/1000w/halloween-themed-cake-with-spider-webs.jpg,https://storage.googleapis.com/imagesg/cms-festival/halloween/imagesd/600w/halloween-themed-cake-with-spider-webs.jpg,https://storage.googleapis.com/imagesg/cms-festival/halloween/imagesd/500w/halloween-themed-cake-with-spider-webs.jpg,https://storage.googleapis.com/imagesg/cms-festival/halloween/imagesd/400w/halloween-themed-cake-with-spider-webs.jpg,https://storage.googleapis.com/imagesg/cms-festival/halloween/imagesd/300w/halloween-themed-cake-with-spider-webs.jpg
halloween-themed-classroom-decorations.jpg,https://storage.googleapis.com/imagesg/cms-festival/halloween/imagesd/1000w/halloween-themed-classroom-decorations.jpg,https://storage.googleapis.com/imagesg/cms-festival/halloween/imagesd/600w/halloween-themed-classroom-decorations.jpg,https://storage.googleapis.com/imagesg/cms-festival/halloween/imagesd/500w/halloween-themed-classroom-decorations.jpg,https://storage.googleapis.com/imagesg/cms-festival/halloween/imagesd/400w/halloween-themed-classroom-decorations.jpg,https://storage.googleapis.com/imagesg/cms-festival/halloween/imagesd/300w/halloween-themed-classroom-decorations.jpg
halloween-themed-dinner-table.jpg,https://storage.googleapis.com/imagesg/cms-festival/halloween/imagesd/1000w/halloween-themed-dinner-table.jpg,https://storage.googleapis.com/imagesg/cms-festival/halloween/imagesd/600w/halloween-themed-dinner-table.jpg,https://storage.googleapis.com/imagesg/cms-festival/halloween/imagesd/500w/halloween-themed-dinner-table.jpg,https://storage.googleapis.com/imagesg/cms-festival/halloween/imagesd/400w/halloween-themed-dinner-table.jpg,https://storage.googleapis.com/imagesg/cms-festival/halloween/imagesd/300w/halloween-themed-dinner-table.jpg
halloween-wreath-on-door.jpg,https://storage.googleapis.com/imagesg/cms-festival/halloween/imagesd/1000w/halloween-wreath-on-door.jpg,https://storage.googleapis.com/imagesg/cms-festival/halloween/imagesd/600w/halloween-wreath-on-door.jpg,https://storage.googleapis.com/imagesg/cms-festival/halloween/imagesd/500w/halloween-wreath-on-door.jpg,https://storage.googleapis.com/imagesg/cms-festival/halloween/imagesd/400w/halloween-wreath-on-door.jpg,https://storage.googleapis.com/imagesg/cms-festival/halloween/imagesd/300w/halloween-wreath-on-door.jpg
haunted-graveyard-scene.jpg,https://storage.googleapis.com/imagesg/cms-festival/halloween/imagesd/1000w/haunted-graveyard-scene.jpg,https://storage.googleapis.com/imagesg/cms-festival/halloween/imagesd/600w/haunted-graveyard-scene.jpg,https://storage.googleapis.com/imagesg/cms-festival/halloween/imagesd/500w/haunted-graveyard-scene.jpg,https://storage.googleapis.com/imagesg/cms-festival/halloween/imagesd/400w/haunted-graveyard-scene.jpg,https://storage.googleapis.com/imagesg/cms-festival/halloween/imagesd/300w/haunted-graveyard-scene.jpg
haunted-house-decorated-for-halloween.jpg,https://storage.googleapis.com/imagesg/cms-festival/halloween/imagesd/1000w/haunted-house-decorated-for-halloween.jpg,https://storage.googleapis.com/imagesg/cms-festival/halloween/imagesd/600w/haunted-house-decorated-for-halloween.jpg,https://storage.googleapis.com/imagesg/cms-festival/halloween/imagesd/500w/haunted-house-decorated-for-halloween.jpg,https://storage.googleapis.com/imagesg/cms-festival/halloween/imagesd/400w/haunted-house-decorated-for-halloween.jpg,https://storage.googleapis.com/imagesg/cms-festival/halloween/imagesd/300w/haunted-house-decorated-for-halloween.jpg
haunted-trail-walk-through-woods.jpg,https://storage.googleapis.com/imagesg/cms-festival/halloween/imagesd/1000w/haunted-trail-walk-through-woods.jpg,https://storage.googleapis.com/imagesg/cms-festival/halloween/imagesd/600w/haunted-trail-walk-through-woods.jpg,https://storage.googleapis.com/imagesg/cms-festival/halloween/imagesd/500w/haunted-trail-walk-through-woods.jpg,https://storage.googleapis.com/imagesg/cms-festival/halloween/imagesd/400w/haunted-trail-walk-through-woods.jpg,https://storage.googleapis.com/imagesg/cms-festival/halloween/imagesd/300w/haunted-trail-walk-through-woods.jpg
house-covered-in-halloween-lights.jpg,https://storage.googleapis.com/imagesg/cms-festival/halloween/imagesd/1000w/house-covered-in-halloween-lights.jpg,https://storage.googleapis.com/imagesg/cms-festival/halloween/imagesd/600w/house-covered-in-halloween-lights.jpg,https://storage.googleapis.com/imagesg/cms-festival/halloween/imagesd/500w/house-covered-in-halloween-lights.jpg,https://storage.googleapis.com/imagesg/cms-festival/halloween/imagesd/400w/house-covered-in-halloween-lights.jpg,https://storage.googleapis.com/imagesg/cms-festival/halloween/imagesd/300w/house-covered-in-halloween-lights.jpg
jack-o-lanterns-glowing-at-night.jpg,https://storage.googleapis.com/imagesg/cms-festival/halloween/imagesd/1000w/jack-o-lanterns-glowing-at-night.jpg,https://storage.googleapis.com/imagesg/cms-festival/halloween/imagesd/600w/jack-o-lanterns-glowing-at-night.jpg,https://storage.googleapis.com/imagesg/cms-festival/halloween/imagesd/500w/jack-o-lanterns-glowing-at-night.jpg,https://storage.googleapis.com/imagesg/cms-festival/halloween/imagesd/400w/jack-o-lanterns-glowing-at-night.jpg,https://storage.googleapis.com/imagesg/cms-festival/halloween/imagesd/300w/jack-o-lanterns-glowing-at-night.jpg
jack-o-lanterns-on-staircase.jpg,https://storage.googleapis.com/imagesg/cms-festival/halloween/imagesd/1000w/jack-o-lanterns-on-staircase.jpg,https://storage.googleapis.com/imagesg/cms-festival/halloween/imagesd/600w/jack-o-lanterns-on-staircase.jpg,https://storage.googleapis.com/imagesg/cms-festival/halloween/imagesd/500w/jack-o-lanterns-on-staircase.jpg,https://storage.googleapis.com/imagesg/cms-festival/halloween/imagesd/400w/jack-o-lanterns-on-staircase.jpg,https://storage.googleapis.com/imagesg/cms-festival/halloween/imagesd/300w/jack-o-lanterns-on-staircase.jpg
kids-trick-or-treating-in-costumes.jpg,https://storage.googleapis.com/imagesg/cms-festival/halloween/imagesd/1000w/kids-trick-or-treating-in-costumes.jpg,https://storage.googleapis.com/imagesg/cms-festival/halloween/imagesd/600w/kids-trick-or-treating-in-costumes.jpg,https://storage.googleapis.com/imagesg/cms-festival/halloween/imagesd/500w/kids-trick-or-treating-in-costumes.jpg,https://storage.googleapis.com/imagesg/cms-festival/halloween/imagesd/400w/kids-trick-or-treating-in-costumes.jpg,https://storage.googleapis.com/imagesg/cms-festival/halloween/imagesd/300w/kids-trick-or-treating-in-costumes.jpg
moonlit-halloween-night-with-fog.jpg,https://storage.googleapis.com/imagesg/cms-festival/halloween/imagesd/1000w/moonlit-halloween-night-with-fog.jpg,https://storage.googleapis.com/imagesg/cms-festival/halloween/imagesd/600w/moonlit-halloween-night-with-fog.jpg,https://storage.googleapis.com/imagesg/cms-festival/halloween/imagesd/500w/moonlit-halloween-night-with-fog.jpg,https://storage.googleapis.com/imagesg/cms-festival/halloween/imagesd/400w/moonlit-halloween-night-with-fog.jpg,https://storage.googleapis.com/imagesg/cms-festival/halloween/imagesd/300w/moonlit-halloween-night-with-fog.jpg
pet-in-halloween-costume.jpg,https://storage.googleapis.com/imagesg/cms-festival/halloween/imagesd/1000w/pet-in-halloween-costume.jpg,https://storage.googleapis.com/imagesg/cms-festival/halloween/imagesd/600w/pet-in-halloween-costume.jpg,https://storage.googleapis.com/imagesg/cms-festival/halloween/imagesd/500w/pet-in-halloween-costume.jpg,https://storage.googleapis.com/imagesg/cms-festival/halloween/imagesd/400w/pet-in-halloween-costume.jpg,https://storage.googleapis.com/imagesg/cms-festival/halloween/imagesd/300w/pet-in-halloween-costume.jpg
pumpkin-carving-with-family.jpg,https://storage.googleapis.com/imagesg/cms-festival/halloween/imagesd/1000w/pumpkin-carving-with-family.jpg,https://storage.googleapis.com/imagesg/cms-festival/halloween/imagesd/600w/pumpkin-carving-with-family.jpg,https://storage.googleapis.com/imagesg/cms-festival/halloween/imagesd/500w/pumpkin-carving-with-family.jpg,https://storage.googleapis.com/imagesg/cms-festival/halloween/imagesd/400w/pumpkin-carving-with-family.jpg,https://storage.googleapis.com/imagesg/cms-festival/halloween/imagesd/300w/pumpkin-carving-with-family.jpg
pumpkin-patch-at-sunset.jpg,https://storage.googleapis.com/imagesg/cms-festival/halloween/imagesd/1000w/pumpkin-patch-at-sunset.jpg,https://storage.googleapis.com/imagesg/cms-festival/halloween/imagesd/600w/pumpkin-patch-at-sunset.jpg,https://storage.googleapis.com/imagesg/cms-festival/halloween/imagesd/500w/pumpkin-patch-at-sunset.jpg,https://storage.googleapis.com/imagesg/cms-festival/halloween/imagesd/400w/pumpkin-patch-at-sunset.jpg,https://storage.googleapis.com/imagesg/cms-festival/halloween/imagesd/300w/pumpkin-patch-at-sunset.jpg
pumpkin-with-witch-hat.jpg,https://storage.googleapis.com/imagesg/cms-festival/halloween/imagesd/1000w/pumpkin-with-witch-hat.jpg,https://storage.googleapis.com/imagesg/cms-festival/halloween/imagesd/600w/pumpkin-with-witch-hat.jpg,https://storage.googleapis.com/imagesg/cms-festival/halloween/imagesd/500w/pumpkin-with-witch-hat.jpg,https://storage.googleapis.com/imagesg/cms-festival/halloween/imagesd/400w/pumpkin-with-witch-hat.jpg,https://storage.googleapis.com/imagesg/cms-festival/halloween/imagesd/300w/pumpkin-with-witch-hat.jpg
skeleton-decorations-on-porch.jpg,https://storage.googleapis.com/imagesg/cms-festival/halloween/imagesd/1000w/skeleton-decorations-on-porch.jpg,https://storage.googleapis.com/imagesg/cms-festival/halloween/imagesd/600w/skeleton-decorations-on-porch.jpg,https://storage.googleapis.com/imagesg/cms-festival/halloween/imagesd/500w/skeleton-decorations-on-porch.jpg,https://storage.googleapis.com/imagesg/cms-festival/halloween/imagesd/400w/skeleton-decorations-on-porch.jpg,https://storage.googleapis.com/imagesg/cms-festival/halloween/imagesd/300w/skeleton-decorations-on-porch.jpg
spooky-forest-with-fog.jpg,https://storage.googleapis.com/imagesg/cms-festival/halloween/imagesd/1000w/spooky-forest-with-fog.jpg,https://storage.googleapis.com/imagesg/cms-festival/halloween/imagesd/600w/spooky-forest-with-fog.jpg,https://storage.googleapis.com/imagesg/cms-festival/halloween/imagesd/500w/spooky-forest-with-fog.jpg,https://storage.googleapis.com/imagesg/cms-festival/halloween/imagesd/400w/spooky-forest-with-fog.jpg,https://storage.googleapis.com/imagesg/cms-festival/halloween/imagesd/300w/spooky-forest-with-fog.jpg
spooky-halloween-window-silhouettes.jpg,https://storage.googleapis.com/imagesg/cms-festival/halloween/imagesd/1000w/spooky-halloween-window-silhouettes.jpg,https://storage.googleapis.com/imagesg/cms-festival/halloween/imagesd/600w/spooky-halloween-window-silhouettes.jpg,https://storage.googleapis.com/imagesg/cms-festival/halloween/imagesd/500w/spooky-halloween-window-silhouettes.jpg,https://storage.googleapis.com/imagesg/cms-festival/halloween/imagesd/400w/spooky-halloween-window-silhouettes.jpg,https://storage.googleapis.com/imagesg/cms-festival/halloween/imagesd/300w/spooky-halloween-window-silhouettes.jpg
spooky-welcome-mat-at-front-door.jpg,https://storage.googleapis.com/imagesg/cms-festival/halloween/imagesd/1000w/spooky-welcome-mat-at-front-door.jpg,https://storage.googleapis.com/imagesg/cms-festival/halloween/imagesd/600w/spooky-welcome-mat-at-front-door.jpg,https://storage.googleapis.com/imagesg/cms-festival/halloween/imagesd/500w/spooky-welcome-mat-at-front-door.jpg,https://storage.googleapis.com/imagesg/cms-festival/halloween/imagesd/400w/spooky-welcome-mat-at-front-door.jpg,https://storage.googleapis.com/imagesg/cms-festival/halloween/imagesd/300w/spooky-welcome-mat-at-front-door.jpg
trick-or-treat-candy-bucket.jpg,https://storage.googleapis.com/imagesg/cms-festival/halloween/imagesd/1000w/trick-or-treat-candy-bucket.jpg,https://storage.googleapis.com/imagesg/cms-festival/halloween/imagesd/600w/trick-or-treat-candy-bucket.jpg,https://storage.googleapis.com/imagesg/cms-festival/halloween/imagesd/500w/trick-or-treat-candy-bucket.jpg,https://storage.googleapis.com/imagesg/cms-festival/halloween/imagesd/400w/trick-or-treat-candy-bucket.jpg,https://storage.googleapis.com/imagesg/cms-festival/halloween/imagesd/300w/trick-or-treat-candy-bucket.jpg
trick-or-treaters-walking-in-neighborhood.jpg,https://storage.googleapis.com/imagesg/cms-festival/halloween/imagesd/1000w/trick-or-treaters-walking-in-neighborhood.jpg,https://storage.googleapis.com/imagesg/cms-festival/halloween/imagesd/600w/trick-or-treaters-walking-in-neighborhood.jpg,https://storage.googleapis.com/imagesg/cms-festival/halloween/imagesd/500w/trick-or-treaters-walking-in-neighborhood.jpg,https://storage.googleapis.com/imagesg/cms-festival/halloween/imagesd/400w/trick-or-treaters-walking-in-neighborhood.jpg,https://storage.googleapis.com/imagesg/cms-festival/halloween/imagesd/300w/trick-or-treaters-walking-in-neighborhood.jpg
vampire-child-costume.jpg,https://storage.googleapis.com/imagesg/cms-festival/halloween/imagesd/1000w/vampire-child-costume.jpg,https://storage.googleapis.com/imagesg/cms-festival/halloween/imagesd/600w/vampire-child-costume.jpg,https://storage.googleapis.com/imagesg/cms-festival/halloween/imagesd/500w/vampire-child-costume.jpg,https://storage.googleapis.com/imagesg/cms-festival/halloween/imagesd/400w/vampire-child-costume.jpg,https://storage.googleapis.com/imagesg/cms-festival/halloween/imagesd/300w/vampire-child-costume.jpg
witch-brewing-potion-in-cauldron.jpg,https://storage.googleapis.com/imagesg/cms-festival/halloween/imagesd/1000w/witch-brewing-potion-in-cauldron.jpg,https://storage.googleapis.com/imagesg/cms-festival/halloween/imagesd/600w/witch-brewing-potion-in-cauldron.jpg,https://storage.googleapis.com/imagesg/cms-festival/halloween/imagesd/500w/witch-brewing-potion-in-cauldron.jpg,https://storage.googleapis.com/imagesg/cms-festival/halloween/imagesd/400w/witch-brewing-potion-in-cauldron.jpg,https://storage.googleapis.com/imagesg/cms-festival/halloween/imagesd/300w/witch-brewing-potion-in-cauldron.jpg
witch-flying-across-full-moon.jpg,https://storage.googleapis.com/imagesg/cms-festival/halloween/imagesd/1000w/witch-flying-across-full-moon.jpg,https://storage.googleapis.com/imagesg/cms-festival/halloween/imagesd/600w/witch-flying-across-full-moon.jpg,https://storage.googleapis.com/imagesg/cms-festival/halloween/imagesd/500w/witch-flying-across-full-moon.jpg,https://storage.googleapis.com/imagesg/cms-festival/halloween/imagesd/400w/witch-flying-across-full-moon.jpg,https://storage.googleapis.com/imagesg/cms-festival/halloween/imagesd/300w/witch-flying-across-full-moon.jpg
witch-hat-and-broomstick-on-doorstep.jpg,https://storage.googleapis.com/imagesg/cms-festival/halloween/imagesd/1000w/witch-hat-and-broomstick-on-doorstep.jpg,https://storage.googleapis.com/imagesg/cms-festival/halloween/imagesd/600w/witch-hat-and-broomstick-on-doorstep.jpg,https://storage.googleapis.com/imagesg/cms-festival/halloween/imagesd/500w/witch-hat-and-broomstick-on-doorstep.jpg,https://storage.googleapis.com/imagesg/cms-festival/halloween/imagesd/400w/witch-hat-and-broomstick-on-doorstep.jpg,https://storage.googleapis.com/imagesg/cms-festival/halloween/imagesd/300w/witch-hat-and-broomstick-on-doorstep.jpg
zombie-costume-makeup-close-up.jpg,https://storage.googleapis.com/imagesg/cms-festival/halloween/imagesd/1000w/zombie-costume-makeup-close-up.jpg,https://storage.googleapis.com/imagesg/cms-festival/halloween/imagesd/600w/zombie-costume-makeup-close-up.jpg,https://storage.googleapis.com/imagesg/cms-festival/halloween/imagesd/500w/zombie-costume-makeup-close-up.jpg,https://storage.googleapis.com/imagesg/cms-festival/halloween/imagesd/400w/zombie-costume-makeup-close-up.jpg,https://storage.googleapis.com/imagesg/cms-festival/halloween/imagesd/300w/zombie-costume-makeup-close-up.jpg
